{
  "project_info": {
    "project_number": "492861342745",
    "firebase_url": "https://mappositions.firebaseio.com",
    "project_id": "mappositions",
    "storage_bucket": "mappositions.appspot.com"
  },
  "client": [
    {
      "client_info": {
        "mobilesdk_app_id": "1:492861342745:android:e608c52f5c84101b",
        "android_client_info": {
          "package_name": "com.example.niravbavishi.currentlocation"
        }
      },
      "oauth_client": [
        {
          "client_id": "492861342745-hjksrape4i44hjvhrikmm0iq14svg7l4.apps.googleusercontent.com",
          "client_type": 3
        }
      ],
      "api_key": [
        {
          "current_key": "AIzaSyDd39UB_sUzIfDbhx5wMyc3L4JKDtVsq24"
        }
      ],
      "services": {
        "analytics_service": {
          "status": 1
        },
        "appinvite_service": {
          "status": 1,
          "other_platform_oauth_client": []
        },
        "ads_service": {
          "status": 2
        }
      }
    }
  ],
  "configuration_version": "1"
}