{
  "project_info": {
    "project_number": "1058840502883",
    "firebase_url": "https://sample-a68f3.firebaseio.com",
    "project_id": "sample-a68f3",
    "storage_bucket": "sample-a68f3.appspot.com"
  },
  "client": [
    {
      "client_info": {
        "mobilesdk_app_id": "1:1058840502883:android:abe499b5998111d7",
        "android_client_info": {
          "package_name": "com.example.niravbavishi.firebasedemo"
        }
      },
      "oauth_client": [
        {
          "client_id": "1058840502883-h9mi0v30e2bi8mrfagcp4fmuv5vc9cgf.apps.googleusercontent.com",
          "client_type": 3
        }
      ],
      "api_key": [
        {
          "current_key": "AIzaSyDJSan_hQ6Ejz0ZOvgUFIZtwe5Xi-1npYk"
        }
      ],
      "services": {
        "analytics_service": {
          "status": 1
        },
        "appinvite_service": {
          "status": 1,
          "other_platform_oauth_client": []
        },
        "ads_service": {
          "status": 2
        }
      }
    }
  ],
  "configuration_version": "1"
}